{
  "system" : {
    "processes" : [ {
      "changelist" : "Tenrox-R1_1235",
      "checklist" : {
        "build" : {
          "date" : "1397772000000",
          "debug" : false,
          "release" : true,
          "state" : "pending"
        },
        "metrics" : {
          "maintainability" : {
            "amount" : 53,
            "direction" : "down",
            "state" : "pending"
          },
          "security" : {
            "amount" : 53,
            "direction" : "left",
            "state" : "pending"
          },
          "state" : "pending",
          "test" : {
            "amount" : 64,
            "direction" : "up"
          },
          "workmanship" : {
            "amount" : 53,
            "direction" : "right"
          }
        },
        "tests" : {
          "functional" : {
            "code" : 5000,
            "covered" : 1150,
            "finished" : 4321,
            "state" : "pending",
            "total" : 6466
          },
          "unit" : {
            "code" : 300,
            "covered" : 288,
            "finished" : 142,
            "state" : "pending",
            "total" : 152
          }
        }
      },
      "owner" : "jtuck",
      "results" : "pending",
      "state" : "pending",
      "timeStarted" : "",
      "type" : "build"
    }, {
      "changelist" : "432462",
      "showDetails":true,
      "checklist" : {
        "build" : {
          "date" : "1397772000000",
          "debug" : false,
          "release" : true,
          "state" : "pending"
        },
        "metrics" : {
          "maintainability" : {
            "amount" : 53,
            "direction" : "down"
          },
          "security" : {
            "amount" : 53,
            "direction" : "left"
          },
          "state" : "running",
          "test" : {
            "amount" : 64,
            "direction" : "up"
          },
          "workmanship" : {
            "amount" : 53,
            "direction" : "right"
          }
        },
        "tests" : {
          "functional" : {
            "code" : 5000,
            "covered" : 1150,
            "finished" : 4321,
            "state" : "pending",
            "total" : 6466
          },
          "unit" : {
            "code" : 300,
            "covered" : 288,
            "finished" : 142,
            "state" : "pending",
            "total" : 152
          }
        }
      },
      "owner" : "jtuck",
      "results" : "running",
      "state" : "running",
      "timeStarted" : "1397772000000",
      "type" : "firewall"
    }, {
      "changelist" : "432461",
      "checklist" : {
        "build" : {
          "date" : "1397772000000",
          "debug" : true,
          "release" : true,
          "state" : "accepted"
        },
        "metrics" : {
          "maintainability" : {
            "amount" : 53,
            "direction" : "down"
          },
          "security" : {
            "amount" : 53,
            "direction" : "left"
          },
          "state" : "rejected",
          "test" : {
            "amount" : 64,
            "direction" : "up"
          },
          "workmanship" : {
            "amount" : 53,
            "direction" : "right"
          }
        },
        "tests" : {
          "functional" : {
            "code" : 5000,
            "covered" : 1150,
            "finished" : 4321,
            "state" : "accepted",
            "total" : 6466
          },
          "unit" : {
            "code" : 300,
            "covered" : 288,
            "finished" : 142,
            "state" : "accepted",
            "total" : 152
          }
        }
      },
      "owner" : "samy",
      "results" : "rejected",
      "state" : "rejected",
      "timeStarted" : "1397772000000",
      "type" : "firewall"
    }, {
      "changelist" : "Tenrox-R1_1234",
      "checklist" : {
        "build" : {
          "date" : "1397772000000",
          "debug" : true,
          "release" : true,
          "state" : "accepted"
        },
        "metrics" : {
          "maintainability" : {
            "amount" : 53,
            "direction" : "down"
          },
          "security" : {
            "amount" : 53,
            "direction" : "left"
          },
          "state" : "accepted",
          "test" : {
            "amount" : 64,
            "direction" : "up"
          },
          "workmanship" : {
            "amount" : 53,
            "direction" : "right"
          }
        },
        "tests" : {
          "functional" : {
            "code" : 5000,
            "covered" : 1150,
            "finished" : 4321,
            "state" : "accepted",
            "total" : 6466
          },
          "unit" : {
            "code" : 300,
            "covered" : 288,
            "finished" : 142,
            "state" : "accepted",
            "total" : 152
          }
        }
      },
      "owner" : "",
      "results" : "completed",
      "state" : "completed",
      "timeStarted" : "1397772000000",
      "type" : "build"
    }, {
      "changelist" : "432460",
      "checklist" : {
        "build" : {
          "date" : "1397772000000",
          "debug" : true,
          "release" : true,
          "state" : "pending"
        },
        "metrics" : {
          "maintainability" : {
            "amount" : 53,
            "direction" : "down"
          },
          "security" : {
            "amount" : 53,
            "direction" : "left"
          },
          "state" : "rejected",
          "test" : {
            "amount" : 64,
            "direction" : "up"
          },
          "workmanship" : {
            "amount" : 53,
            "direction" : "right"
          }
        },
        "tests" : {
          "functional" : {
            "code" : 5000,
            "covered" : 1150,
            "finished" : 4321,
            "state" : "pending",
            "total" : 6466
          },
          "unit" : {
            "code" : 300,
            "covered" : 288,
            "finished" : 142,
            "state" : "pending",
            "total" : 152
          }
        }
      },
      "owner" : "samy",
      "results" : "rejected",
      "state" : "rejected",
      "timeStarted" : "1397772000000",
      "type" : "firewall"
    }, {
      "changelist" : "432459",
      "checklist" : {
        "build" : {
          "date" : "1397772000000",
          "debug" : true,
          "release" : true,
          "state" : "accepted"
        },
        "metrics" : {
          "maintainability" : {
            "amount" : 53,
            "direction" : "down"
          },
          "security" : {
            "amount" : 53,
            "direction" : "left"
          },
          "state" : "accepted",
          "test" : {
            "amount" : 64,
            "direction" : "up"
          },
          "workmanship" : {
            "amount" : 53,
            "direction" : "right"
          }
        },
        "tests" : {
          "functional" : {
            "code" : 5000,
            "covered" : 1150,
            "finished" : 4321,
            "state" : "accepted",
            "total" : 6466
          },
          "unit" : {
            "code" : 300,
            "covered" : 288,
            "finished" : 142,
            "state" : "accepted",
            "total" : 152
          }
        }
      },
      "owner" : "samy",
      "results" : "accepted",
      "state" : "accepted",
      "timeStarted" : "1397772000000",
      "type" : "firewall"
    } ],
    "title" : "titlehere"
  }
}
